start	end	text
0	25620	इस चुनावी जनसभा में मांच पर उपस्तेत आदरने राहूल गांधी जी भाई मुके सहनी जी आइपी गुपता जी राजा राम साहब जी और CPI-CPM के
25620	55620	हमारे नेता महागर्बंदन के सभी हमारे पददिकारी कारिकर्टा नेटागर्ण और सक्रा से आई हुए सभी भुज़ूर्ग अभिवावकों को तेजश्वी यही पैर शुकर के यही से पढ़ाम करता है आप लोगों चैंश्पर्श करता है जितनी बड़ी आतायं पाहने ब
55620	85620	और सभी हमारे नौजवान यूवा साथी को यही से तेजश्वी गले लगाने का काम करता है रुज़फर पूर जिले के सभी विधान सभाचेत्र से हमारे महागर्बंदन के पत्याशी यहां आए हुए आप सब लोगों से हम अपील करते हैं कि एक एक वोट महागर्बंदन
85620	94440	काम करें सक्रा की जन्ता जिन्दाबार बदलाओ चाहते हैं कि ने पदलाओ चाहते हाथ इधानर की बताइए
94440	102200	20 साल ये पुराना खटारा सरकार को आप बदलने का समय आ गया है
102200	111200	स्थिर पानी भी एक जगाए खटा हो जाए कुछ दिनों ताक तो सरने लगता है वो इस्तिती सरकार की हो गई है
111200	124520	किसान भाई जानते हैं कि एक ही ब्रेंड का बीज अगर 20 सालों तक खेट में रोपिएगा तो खेट जो है बंजर हो जाता है फसल नहीं आती है
124520	134420	अब समय आ गया है ने ब्रेंड का नया भीज रोपने का ताकि फसल भी अच्छी हो और आने वाल इन नसलों का भविश भी बेतर हो
134420	145520	देखिए हम राउल गांदी जी का स्वागत करते हैं इस सक्रा की धर्ति पर और हम सब लोग नहीं सोचके
145520	156080	के बल्हें बिहार बनाने का काम करना है बिहार बनाने का काम करना है
156720	168080	बिच साल से दिटीश कुमार जी बिहार के मुक्ह मंतरी है कितने साल से आवाज दूर अब बीच साल है कि नहीं है
168080	185400	और 11 साल से निरेंदर मोदी जी प्रभधान मत्री है की नहीं है साक्ड्रा को कुछ करखरन मिला है क्या पर यच्छा स्पाद मिला होगा लोगों को सरकारी नौकरी रोजगार मिला होगा
185880	191700	के नहीं मिला कुछ नहीं मिला। केवल घूस खोरी बढ़ी है की नहीं बढ़ी है।
199200	201840	और राशन में रिश्वत खोरी है की नहीं होरी।
201840	231840	बोलता है पांच किलो देता है तीन किलो विष्वत ले रहां कि ले ले राँ तो आप देखेंगा हर घर नल से जल भी अजिना में घूज़ खोरी दाखिल खारीच कराईए जमीन के रेजिस्ट्री कराईए उसमें घूज़ खोरी जातिये प्रमाइँ पत्र बनाएए उसमें �
231840	241440	सब्सक्राइब का होता हो यहीं मुदफ़कुर की बेटी 11 साल की बच्ची के साथ रेप कर दिया गया अस्पिताल में
241440	262680	चार घंते बेड़ नहीं मिला उसकी मौत हो जाती है यहीं है सुशाशन यहीं है अच्छे दिन क्या मिला अपने लोगों को बताओ कि जिद्धा कुछ मिला तो बता हो जो बीच साल में नहीं दिये अब पगला पांच साल में कहां से देंगे तेजेश्वी का एक
262680	278200	पिया था तेजेश्वी के मन एक दगरता है एक पीर हे तेजेश्वी को बेरोजगारी को हटयाना चाहता है कि कर Transit को में झाला चाहता
278200	290260	करना चाहता है है बिहार से पडलाइन को खाट्म करना चाहता है अब बिहार चाहता है नंबर वन बनाना चाहता है
290860	297880	कि एसली साल नितीज्जी के राज करने के बाद भी एक ग्यारा साल नरेंदर मोदी जी के राज
297880	319960	के बाद भी बिहार देश का सबसे गरीब राज है बिहार में सबसे ज़्यादा बेरोजगारी है नहेंगाई है प्रतिव्यक्ति आए सबसे कम अगर कहीं क्या है तो बिहार के लोगों का है पूरे देश में आप लोग एक मोग का तेजश्वी को दीजिएगा
319960	337300	हां आता करionedप सेटेश्वी से को शिकारत है क्या आपको शॉरात आप लेगाई तेश्वी से कूल शिकारत है एक मोग का मिलेगा तेश्वी में नुक्षण की है
337560	345440	तेश्वी में की है क्या नुक्सान तो एक मोग कर लोग दीजएगा एक मुलेगा एक मुलेगा
345440	357800	एक बोका मिलेगा तो नौकरी मिलेगी पक्की और तेजेश्वी आपके उमिदेटर लगाएगा छक्का
357800	371300	सरकार बलते ही 20 दिनों के अंदर कानून बनाया जाएगा कि जिस परिवार में सरकारी नौकरी नहीं है
371300	376060	उस परिवार में एक सरकारी नौकरी हम लोग देने का काम करेंगे
376060	384060	इतनी माता है मैंने बताएए बाल बच्चा के नौकरी लगे की चाहें की ना लगे की चाहें
384060	392060	मिलनों चाहिए ना एक बोका दीजे तेजश्वी ने जो कहा वो किया जो कह रहा है वो करेगा
392060	400400	पांच लाक नौकरी हम लोग ने दी सत्रे महिने में जब सरकार बनी सारे तीन लाक नौकरी प्रक्या धीन कराई
400400	411400	सारे चार लाक नीज़े चिक्षिकों को राजकिय कर्मी का दरजा दिया और वही लोग बीश में बोलते थे कि कहां से देगा नौकरी
411400	425400	उनी के हाथों हम लोग ने नित्ति पत्र बटवाने का काम किया बिना प्रिपर लीख के इम अंदारी से हर जात हर धर्म के लोगों को तेज़ेश्वी ने 5 लाक लोगों को नौकरी दिया
425400	444360	और यह आपके हम वादा करके जा रहे हैं और इस प्रांग को प्रांग निचावर करके भी पूरा करना पड़े तो तीज़श्वी करेगा जिस गर्में सरकारी नौकरी नौकरी तीज़श्वी देगा जितने जीविका दीदें हैं
444360	454500	सियम है उन सब को स्थाई तेज़श्वी करेगा सरकार बुनने के बाद और तीस हजार रुपया मान देव करने का काम करेगा
454500	466860	जितने आप देखेगा सन्विदा कर्मी है और सोर्सिंग वाले हैं सब को जो है पक्ता किया जाएगा निमेत रूप से
466860	476680	हम लोग माई बेन मान योजना लाएंगे तीस हजार रुपया साल का माताएं बेनों के खाते में डारक जाएगा
476680	485760	पांच साल का देड़ लाग ये मदद होगा आर्थिक ने होगा माताएं बेनों को महेंगाई से लगने के लिए सायोग होगा
485760	501080	यानि महिना का धाई हजार और यहीं देख करके इस सरकार दस हजार कर इश्वत दे रही है कि वसूलेगा ये सरकार वसूलेगा बीस साल से याद नहीं आ रहा रहा इंको
501080	518540	अरी उद्हार है ऊद्हार भ्याज लगेगा फिर वांपस लेका लेकिन हम लोग आई'ंग तो आप से वांपस नेंगे आपको सायोग करेंगे ये पुड़ा कान क्या जाएगा
518540	523600	जहाएगर पांच रूपया कर दिया जाएगा 150 रूपया कर दिया जाएगा
523600	549400	कि होगा कि निए इंट कर्ची सरकार है टेजवी में का विजली 200 उनिट日本 देंगे तो यह सरकार के थियुए साल सुओ परीमे।
549400	563320	सरकार के चुनाओ को देखते हुए बीस साल में चार्सों से एक रुपया भी बनाया है जब तेजश्वी बोला तो यहां अनफारन में चुनाओ देखकर के सरकार नकलो की तो 1100-1100 कर देते
563320	578980	करना चाहे था कि नहीं करना चाहे था और देखिए सरकार बनेगी चाहे अपना हो या पराया जो अपरादी अगर गलत काम करेगा उसको सलाकों के पिछे तेजश्वी बिजवाने का काम करेगा
578980	608980	कराप्शन और कम्मनलिजम से तेजश्वी कॉंप्रमाइज नहीं करेगा तेजश्वी की परचाहे भी गलत काम करेगी तो उसको भी सजा हम लोग बिलाने का काम करेंगे तो आप लोगों को साथ मिलेगा कि लिए मिलागा इब जोर से हाथ उठाकर मतें मिलेगा ना अब पि
608980	638980	में धांदली हो गया था वोट की चोरी तो हुई साथ ही साथ सीट की भी चोरी हो गई लेकिन इस बार मुस्तेद रहना है यह भाजबा के लोग हिंदू मुस्लिम करेंगे यह मोदी जी फाक्ट्री लगवाएंगा गुजरात में अब विक्ट्री चाहिए भी हर में होने वाला
638980	668980	केवल ठांगने का काम किया लेकिन तेजश्वी टूटी फूटी जूटी बाते नहीं बोलता है तेजश्वी के उम्र कच्ची है पर तेजश्वी के जुबान पक्की है और हम सब लोग मिल करके एक नया बिहार बनाएंगे पढ़ाई दवाई कमाई सिचाई सुनवाई और क
668980	687420	है एसा बिहार बनाना करे कि बिहारियों को बाहर ना जाना पर पराय कमाई सिचाई के लीए कि तर बेबीटा बाहर चला जाता है किसी का पतीं चला जाता है बाहर साथ कि नहीं रएप आपि कितना मुश्किल होता है
687420	708640	एक मौका तेज़श्वी को दिजी अगले छाट तक किसी को दाहर जाने की जरूरत नहीं पड़ेगी सब भीहार में रहेंगे भीहार तरक्की करेगा एक बार सब लोग साथ बोलेगा यूवा हम बोलेगे यूवा हम बोलेगे यूवा यूवा की सरकार
708640	729740	यूवा की सरकार सक्रों की जलता जिंदाबाद आम लोग बिहारी हैं कोई बाहरी नहीं आएगा बिहार को चलाना बिहार का लाली बिहार को चलाएगा
729740	759740	यह लोग रिमोट कंट्रोल से चलाना चाहते हैं हमारे चाचा की तो उस्तिती रही दिए उम्र हो गई है हम पुरी सन्वेदला आसान भूती है उनके प्रती कि उनको केवल आब मुखोटा बना दिया गया है केवल मुखोटा तो आप सब लोगों का प्यार मिले आर्शिरव
759740	780740	कि एक एक वोट दे करके इन सब को जिताएं और अपनी सरकार बनाईएं और सरकार अभी दो तीन लोग चला रहा है लेकिन जब तेजश्वी आप लोगे क्या सिर्वात से सीम बनेगा तो सब को 14 करोर बिहार वास्वी को सीम बनाएगा यानि चिंता मुत कर देगा
780740	806420	और आप लोगों को सीम बनना है चेंज मेकर बनना है तो बदलिये सरकार को लाइए नहीं सरकार बहुत बहुत धनवाब जैन जैविया अब मैं लफरत के बजार छो हजार किलोमेटर पैदल चाने में रहों गए
810740	839740	कि जिश्वी यादव जी मुकेश सानी जी आइपी गुपता जी केसी वेनुगोपाल जी अकिलेश प्रसाद जी सुरेश चंचल जी राजा राम जी और गटबंदन के वरिश नेता भाईं और मेहनों आप सबका यहां बहुत-बहुत स्वागत नमस्कात
839740	854740	बारिश में आप यहां खड़े हैं दूर दूर से आये हैं इसके लिए आपका मैं दिल से धन्यवाद करता हूं आपका मूट कैसा है
854740	865740	मूट कैसा आपका हिंदुस्तान में जिस भी प्रदेश में जाता हूं
865740	877740	मैं हिंदुस्तान के हर डिस्ट्रिक में गया हूं जहां भी मैं जाता हूं वहां बिहार के युवा मुझे मिलते हैं
877740	897740	मैं आप से सवाल पूछना चाहता हूं आपने दिल्ली बनाई आपकी महनत में बैंगलार की सरके बनाई गुजरात में आपने काम किया अपना खून पसीना दिया
897740	916740	मुंबाई को आपने अपनी मदद दी हिंदुस्तान के शेहरों को छोड़ो दुबाई आपकी देहनत से बनाए तो अगर आप
916740	929640	अलग अलग प्रदेशों की मदद कर सकते हो कि शेहरों को बना सकते हो तो फिर बिहार में आप ये काम क्यों नहीं कर पारे हूं
932140	941240	कुछ दिन पहले कि बिहार के पंद्रा युगाओं से में मिला कि दो तीन घंटे बात चीट की
941240	953000	बात क्या थी सारे के सारे कह रहे थे कि हमें बिहार में कुछ नहीं मिल सकता है
953000	961000	हमें बिहार में रोजगा नहीं मिल सकता बिहार में बिहारियों का कोई भविशे नहीं है
961000	965060	ये हैं आपकी सच्चाई
965060	969120	यहाँ पे 20 साल से
969120	975460	20 साल से नितीज जी सरकार चला रहे हैं
975460	979500	अपने आपको आती पिछवा कहते हैं
979500	982240	मैं आपसे पूछता चाहता हूँ
982240	985200	बिहार में शिक्षा के लिए
985200	987560	स्वास्त के लिए
987560	989920	रोजगार के लिए
989920	993120	पिछले 20 सालों में इन्होंने क्या किया है
993120	993900	मुल्या बता दीजिए
993900	998960	कि आप ऐसा प्रदेश चाहते हो
998960	1002420	जहां आपको कुछ ना मिले
1002420	1004900	अदानी जी को
1004900	1007520	एक दो रुपे में जबीन दी जाए
1007520	1010420	और आपको रोजगार ना मिले
1010420	1013900	ऐसा बिहार हमें नहीं चाहिए
1013900	1018000	हमें वो बिहार चाहिए
1018000	1021600	जिसमें स्वास्त
1021600	1024300	शिक्षा
1024300	1026900	रोजगार हो
1026900	1030980	बिहारियों को बविश्य दिखाई दे
1030980	1035560	और जैसे आज आप दूसरे प्रदेशों में चाहते हो
1035560	1038360	वैसे ही दूसरे प्रदेश से लोग आए
1038360	1041680	और बिहार में आकर काम करना चाहें
1041680	1042980	ऐसा बिहार हम चाहते हैं
1045980	1051280	इसी लिए
1051280	1059280	महागडबन महागडबन हमारे नेता तेजेश्वी जी स्यानी जी
1059280	1065280	कॉंग्रेस पार्टी के नेता एक साथ खड़े हैं
1065280	1072280	क्यूंकि हम एक बार फिर बिहार को सबसे आगे ले जाना चाहते हैं
1072280	1086280	कि फॉर्ट चोरी के खिलाफ हमने यहां यात्रा की बिस दिन
1086280	1095280	कि बिहार में हम आए शेहरों में गाव गाव में हम घुमें एक साथ
1095280	1114280	को और आपकी उरजा देखने को मिली आपकी पजियप ना मैंप सबसे आगे प्रदेश सबसे आगे
1114280	1117880	जाता है और फ्रदेश सबसे सबसे आगे जाना पड़ेगा है
1122580	1123180	कि है अगर है
1125280	1143760	नितीज जी तेजेश्वी जी ने कहा नितीज जी का चेहरा का प्रयोग हो रहा है रिमोट कंट्रोल पीजेश्वी के हाथ में है आप यह मत सोचिए
1143760	1168780	कि अतीज पिछडों का अतीज पिछडों की आवाज उधर सुनाई देती है तीन चार लोग कंट्रोल करते हैं बीजेपी कंट्रोल करती है उनके हाथ में रिमोट कंट्रोलर है और उनको समाजिक नियाए से कोई लेना देना नहीं है
1168780	1182880	कि मैंने प्रदान मंत्री के सामने कहा लोकसवाय में कि जाती जन्गर्ना आप करवाईए एक शब नहीं बोले
1182880	1186840	आप जहां भी देखो
1186840	1196920	शिक्षा के सिस्टम में देखो स्वास के सिस्टम में देखो बिरोक्रिसी में देखो
1196920	1200720	जजिस की लिस्ट निकाल के देखो
1200720	1208640	नरेंद्र बोदी जी बीजेपी समाजिक नियाए के खिलाफ है वो नहीं चाहते
1208640	1214440	और मैंने उनसे कहा कि नेखिए
1214440	1218240	जाती जंडर्ना होने वाला है
1218240	1223240	चाहे आपको अच्छा लगे नहीं लगा जाती जाती जंडर्ना होगा
1223240	1225840	सब को पता लगेगा किसकी कितनी अवादी है
1225840	1232360	यहां पे
1232360	1238960	स्टूडेंट्स पढ़ाई करते हैं
1238960	1241960	मेहनत करते हैं
1241960	1245960	लाकों रुपे लगाते हैं
1245960	1247400	ट्यूशन होता है
1247400	1250960	प्राइवेट कॉलिजेज यूनिवर्सिटीज हैं
1250960	1253600	बिना पैसे यहां पे शिक्षा नहीं मिल सकती
1253600	1257680	मगर जितनी भी पढ़ाई वो कर ले
1257680	1261260	अंत में पेपर लीक होता है
1261260	1263560	होता है नहीं होता है
1263560	1265540	अंत में
1265540	1268140	चुन हुए लोगों को
1268140	1270280	exam से
1270280	1272480	एक दो दिन पहले
1272480	1275440	exam का पेपर मिल जाता है
1275440	1279420	आप किसी भी state में पूछ लीजे
1279420	1282780	बिहार के शिक्षा के शिस्टम के बारे में पूछ लीजे
1282780	1283720	वो आपको बताएंगे
1283720	1286520	बिहार में तो पेपर लीक होता है
1286520	1289140	बिहार में सही शिक्षा नहीं मिल सकती
1289140	1291480	बिहार में हस्पताल नहीं मिल सकता
1291480	1292000	आप जाएए
1292000	1294920	All India Medical Institute के नीचे एक flyover है
1294920	1296480	के पास में flyover है
1296480	1298140	उसके नीचे जाएए
1298140	1300340	वहाँ पे आपको बिहार के लोग दिख जाएगे
1300340	1303040	रात में
1303040	1305660	थंड में वहाँ पे वह सोते हैं
1305660	1306260	मैं क्या
1306260	1307880	मैंने पूचा यहां क्यूं हो
1307880	1309940	कहते बिहार में इलाज नहीं हो सकता
1309940	1312240	अगर बिहार में
1312240	1314260	इलाज करवाना है तो नहीं हो सकता
1314260	1315900	दिल्ली में होगा
1315900	1317500	सुनाटक में होगा
1317500	1319880	दलंगाना में होगा बिहार में नहीं हो सकता
1319880	1336380	यह हम बदलना चाहते हैं हम चाहते हैं कि बिहार का युवा जैसे आपने देखा होगा आपकी शर्ट के पीछे
1336380	1354960	तो उनके पीछे क्या लिख्का बताओ मेड इन चाइना सही नरेंद्र मोधी जी ने हिंदुस्तान के जो चोटे बिसनस वाले हैं चोटे उध्योगे उन सब को खतम कर दिया नोट बंदी और जी एस्टी लागू करके
1354960	1369300	जहां भी आठेको मेड इन चाइन हैं हमारा क्याना आए डाँ कि मेड इन चाइन नहीं मेड इन बिहार होना चाहिए उस फोन के पीछे
1369300	1390420	कि फोन के पीछे मेड इन चाइन नहीं मेड इन बिहार और फोन कहां बने बिहार में शर्ट पैंट फोन कैमरा
1390420	1403800	कि सारे के सारे मेड इन बिहार और बिहार के युवांटों फैक्ट्रीों में रोज़गार मिलें ऐसा विखार हम चाते आपका
1403800	1404880	आपकी हिस्ट्रीय है
1404880	1410320	कुंसे थे सबसे पहतर शिक्षा
1410320	1418720	सबसे बैतर दुनिया में सबसे बैतर शिक्षा नलंगा युनिवर्सिटी बिहार में मिलती थी
1418720	1424640	बिहार में टूरिजम का unlimited potential है
1424640	1429520	पूरी दुनिया को
1429520	1436100	पूरी दुनिया से लोग बिहार में टूरिजम के लिए आ सकते है
1436100	1448580	मदन नहीं ना टूरिजम को बढ़ाया दिया जाएगा ना किसानों की मदद की जाएगी ना मजदूरों को
1448580	1458420	protection दिया जाएगा सिरफ पाच-दस अरफ पतियों को फाइदा मिलेगा अधानी जी को अमभानी जी को जो भी चाहिए
1458420	1477420	वो उनको दे देते हैं दो हिंदुस्तान बन रहे हैं एक हिंदुस्तान आपका गरीबों का हम सब का और दूसरा हिंदुस्तान अरफ पतियों का अमभानी अधानी जैसे लोगों का
1477420	1493920	आप देखिए कुछ दिन पहले मैंने टीवी पे देखा एक तरफ यमुना फोटो देखी आपने वो देखी एक तरफ यमुना गद्णा पानी
1496760	1503520	उसको अगर कोई पी ले या उसमें घुश जाए बिमारी हो जाए दूसरी तरफ
1503520	1514720	14 साम मोदी जी के लिए डलाब दूर दूर से पाइप से पानी आता है
1517820	1523760	नो एक हिंदुस्तान मोदी जी वाला हिंदुस्तान है अगर मोदी जी को ड्रावा करना है
1526380	1528100	होट पूजा रावा करना है
1528100	1545500	तो पानी आ जाएगा, विडियो कैमरा आ जाएंगे, साफ पानी और उसी के दस गस दूर हिंदुस्तान की सच्चाई
1545500	1560800	एक तरफ नाटक, अम्भानी अदानी का हिंदुस्तान, नरेंग्र मोदी का ड्रामा, और दूसरी तरफ हिंदुस्तान की सच्चाई गंदा पानी, बीमारी,
1565300	1573160	टीवी पर आया, टीवी पर पाइप दिखिया, कि भईया नरेंग्र मोदी जी नहाने आएंगे,
1575500	1591920	बाकि हिंदुस्तान गंदे पानी में आयजा, नरेंग्र मोदी जी के लिए, साफ पानी आएगा पाइप में, तला बना जायएगा, मोदी जी ड्रामा करेंगे, यह पूरे हिंदुस्तान ने देखा है, पूरे हिंदुस्तान ने देखा, और जैसे लोगों को वा
1591920	1598100	पूरे हिंदुस्तान ने रखा और जैसे लोगों को वा पाइप दिख्या ने रहने मोधी कहते हैं मैं तो नहीं जाओंगा
1603320	1616040	कि यह सच्चाई कि चमकता हुआ हिंदुस्तान कि टीवी पे विडियो पे मोधी जी कहते है कि बिहार के युगाहों से कहते है
1616040	1632840	कि हमने आपको कम काम में डेटा दे दिया आपने कम डाम में डेटा दे दिया मगर डेटा की कमपनी किसको दी
1632840	1643200	पैसा कौन बना रहा है बिहार का युगाह नहीं बना रहा है जीयो का मालिक बना रहा है
1643200	1651160	फ़ाइदा तो आपने उसको दिया और बिहार के युगाह के सामने आकर आप जुट बोल रहे हो
1651160	1661600	कि हमने आपको डेटा दिया नहीं आप ने डेटा नहीं दिया आपने अमभानी जी को हिंदुस्तान का स्पेक्ट्रं दिया जीयो की
1661600	1674640	कमपनी के लिए आप ने सब कुछ किया आप हो क्यों नहीं बोलते हो आप हो क्यों नहीं बोलते हैं कि मुंबाइ में लाखों
1674640	1680940	करों रुपए की जमीन गारावी की जमीन कि जितने बिहार के लोग रहते हैं
1682980	1692620	कि छोतों व्याद करते हैं वह जमीन मैंने अधानी को दी अब यह क्यों नहीं कहते कि एक रुपय के लिए
1692620	1696380	इसे ऐादी को जमीन दी बिहार में
1696380	1699740	कैसी थी
1699740	1701780	किस से जीन कर दी
1701780	1704880	बिहार के किसान से जीन कर दी
1704880	1707880	अब ये क्यों नहीं कहते
1707880	1711220	कि राउल गाती जमीन अधिकरंबिल भल आया था
1712040	1714440	कांग्र्स पाति जमीन अधिकरंबिल भल भल लाई थी
1714440	1717940	किसानों की जमीन की रख्षा के लिए लाय थे
1717940	1721720	और नरेंगर मुदी जी ने उस बिल को खतम किया
1721720	1724420	यह क्यों नहीं कहते अब यह क्यों नहीं कहते
1724420	1728380	कि जो बिहार में एंटर्प्रेनरियो स्पिरिक है
1729040	1733160	जो युवार चोटा-चोटा बिजनस चलना चाहते है
1733160	1745620	जो अपने चोटा बिजनस बिजनस का सपना देखते हैं उस सपने को आपने नोद बंदी से और गलत GST लागू करके आपने उस सपने की हत्या की ये क्यों नहीं कहते हैं
1745620	1768480	ड्रामा बना रखका है एक परफ यमुना उसको यमुना जी कहते हैं मोटी जी कहते है ड्रामा कर रहे हैं कि भईया देखो मैं यमुना जी में नहाया हूँ
1768480	1778040	वह पर कोई यमुना जी नहीं है वह पर कलाँ है कि नरेंद्र मुदी जी अपने स्विमिंग फूल में ळाने
1778040	1791340	गा一 हूँ उनको यमुना से कुछ लेना देना नहीं उनको छत मूचा से कुछ दो कर देंगे उनने सिरफ आप का मौट चाहिए कि अगर आप तो घृंब
1791340	1811340	प्रवाइब जिए आप एसा घ्रामा करो वोट के लिए वो कर देंगे जो भी करवाना है करवालो मैं पर उनको को हो कि देखो भाईया हम आपको वोट देंगे आप स्टेज पर आके ना चलो ना चले कि आप को शिच करो
1811340	1823120	मोदी जी आई है स्टेज पर आाई बाशन मत दीए डांस कर दीजे हम आपको वोट देंगे देखना कर देंगे जोबी करवाना है चुनाव से पहले
1824400	1836360	चुनाव के बाद नरेंद्र मोधी में दिखाई देंगे चुनाव के बाद नरेंद्र मोधी जी अंबानी जी की
1836360	1845820	कि वालों के साथ दिखाई देंगे किसानों के साथ मजदूरों के साथ नहीं दिखाई देंगे
1848820	1859120	कि इसी लिए कि वह आपकी वोट चोड़ी में लगे हुए कि वह चाहते हैं यह भी भी खतन कर दो
1859120	1861520	election वाली बिमारी
1861520	1863880	मैं आपको
1863880	1865660	बता रहा हूँ
1865660	1866680	महराश्ता में
1866680	1869320	इन्होंने चुनाव चौरी किया है
1869320	1871880	हर्याना में
1871880	1875920	इन्होंने चुनाव चौरी किया है
1875920	1877660	और ये भिहार
1877660	1879100	में पूरी कोशिस करेंगे
1879100	1880060	मैं बता रहा हूँ आपको
1880060	1882700	पूरी कोशिस करेंगे
1882700	1889440	कि बिहार में बिहार की आवाज की सरकार ना बने। यह लगे हुए हैं,
1889440	1894060	एसा आवार के यही मतलब है, तो आपको पूरा दम लगाकर,
1895040	1901520	बिहार के युवाँ को पूरा दम लगाकर, हर वियक्ति को बाहर निकल कर भोड डालना है महागरबन ने की।
1901520	1912800	हैं और हमारी गैरंटी है महां करणादन की गैरंटी है और मैं आप से कह रहा हूं
1912800	1924860	कि मैं जुटनी बोलता हूं कि हर वर्ग की हर जात की हर धर्ण की सरकार बिहार में हम
1924860	1951620	किसी को नहीं पीछे चोड़ेंगे कि चाहिए वो एबीसी हो कि ओपीसी हो गलित हो माइनोरिटी हो जेनरल कास्ट हो जो भी है हिंदुस्तानी है और हर एक व्यक्ति की सरकार बिहार में बनेगी यह मेरी गैरंटी है महागडबंदन की क्यारिंटी
1954860	1972860	कि शिक्षा पर हमारी फोकस होगी हमारा फोकस होगा और हमारी कोशिश होगी कि पांच साल के अंदर हिंदुस्तान की सबसे अच्छी युनिवर्सिटी आपको बिहार में मिलेगी जैसा पहले होता था
1972860	2002860	कि हमारी सरकार थी यूपीय की सरकार थी तो हमने कोशिश की थी नलंदा युनिवर्सिटी जो थी पहले वह इंटरनेशनल युनिवर्सिटी थी पहता नहीं आपको मालूम है यह नहीं मालूम पूरी दुनिया
2002860	2021840	से आते थे कोरिया से आते थे रिए कि यूरप से आते थे नलंदा युनिवर्सिटी में पढ़ाई करने है कि एक प्रकार का वह पूल था जो जोड़ने की सिस्टम था और नहीं कहां था बिहार में था
2021840	2028340	अब हमारी कोशिश थी जब हमारी सरकार थी मनमोंचिंग जी की सरकार थी
2031280	2039600	हमने फिर से वह नलंदा बनाने की कोशिश की जो कि बिहार को हम सिर्फ हिंदुस्तान से ना जोड़े
2039600	2063360	बिहार को हम पुरी दुनिया से जोड़े आप जुड़े हो आपके लोग तुबाई में हैं मुनिश्यस में हैं फीजी में हैं सेशल्ज में हैं अमरिका में है आप लोग हो
2063360	2081900	उसको बस सही तरीके से जोड़ना है बिहार को हिंदुस्तान का सेंटर नहीं बनाना इन पर फिर बिहार को दुनिया बसेंटर बनाना आप लगेगा आप लगेगा
2093360	2111360	अजय आपने पुरी दुनिया को रास्ता दिखाय है यह अंजी यह पूरिस्टम का सेंटर हुआ करता था
2111360	2124800	चाहिना को जापन को को पूरिया को उनका घरब कहासे आया कहासे आयाई आते
2124800	2131060	क्यों है यहां चाहिना से लोग पूर्डीय से लोग यंद्बोनिया से लोग क्यों आते हैं
2131060	2147620	कि आपने इनको इनका धर्म लिया आप समझे आपने कितना ग्यान है मैंने देखा अपने आखों से
2147620	2163760	आप फंदरा वीजन में ग्यार यहां पर इतनी समझ है इस बागी किसी प्रोडेशन में राजनेती को आप राजनेती को आप सकंग में समझ लेती हो
2163760	2171820	एक सकन्ट में आप प्रूस्य का बूस पानी के पाली कर दें एक दूस बिए प्रत्व सकन्ट लगता है।
2172720	2175820	तुम्हें आप से बैराओं की भी आओं सचाय पहिछालो।
2176260	2180960	आपके सामने सचाय कौन दोड़रा है प्रामा कौन कर रहा है ये पहचालो।
2180960	2201600	आपके सामने साफ पानी में तलाब बनाकर नहारे आप सब आए जिल से आपको धर्यवाद करना चाहता हूँ और आपसे कहना चाहता हूँ
2201600	2219920	मारी करना चाहता हूँ नहां, यह जो सब्ता ही अचक तक, में जो है कि आपको लेली, विजियद को अख्राँ की आख संभीद shining करते है।
2219920	2235080	आख समय नारे जब वन्ह चोड़ करते एं किसी संप्राश्त करते हैं जब सबस्राइब करते हैं
2235080	2252160	जब ये वाइस चंसलर को और एसेस के रादने के हाथ में दे दे तो ये समयदान पर आप्रवर करें तो मैं आपको बता रहा हूँ समयदान को समयदान की हम रक्षा करेंगे और इसको कोई नई खतम कर सकता
2252160	2282160	आज इस चुनावी सभा में मंच पर उपस्तित हमारे अधर्निये रहूल गांदी जी बिहार के अगले मुखमंत्री हमारे छोटे भाई तिजशी परसाधी आदब जी और यहाँ पे हमारे सभी महाकरवंदन के नेता गन और यहाँ पे हमारे जितर मजप्प पूर्जिले के स�
2282160	2312160	हमें पता है कि आप लोग बदलाओं के लिए यहाँ पूपस्तित हैं आप सब निश्ची तोर पे हमारे गठवंदन के लिए मजगुती से काम कर रहे हैं तो अब बारिस का समय है मैं चाहूंगा कि हमारे अधर्निये राहूल गांदी जी तेजशी जी आपके अपने बीच म
2312160	2322160	में तैदिल से धन्यबाद देता हूं और पार्टी कैडर मजगुती से हमारे सभी गठवंदन को जाद उमीद्वार को जीताएंगे अब भिहार में हम लोग सरकार बनाएंगे बहुत-बहुत धन्यबाद
2322160	2348160	अब मैं भिहार के भावी मुख मंत्री आजर्निये तेजस्वी आदव जी से अगरत करेंगे की सभा को समधित करें तेजस्वी आदव जी इस चुनावी जंसभा में मांच पर उपस्तेत आदर ने राहूल गांदी जी
2348160	2378160	भाई मुके सहनी जी आईपी गुपता जी राजा राम सहाब जी और सीपी आई सीपीम के हमारे नेता महागरबंदन के सभी हमारे पदनिकारी कारिकर्टा नेटा गयन और सक्रा से आईवे सभी बुज़ूर्ग अभिवावकों को तेजश्वी यही पैर शुकर के यही से प
2378160	2395800	करता है जितनी बड़ी आताएं पाहने बड़ी संख्या में आई हैं तेजश्वी आप सब लोगों को हाथ जोर करके नमस्कार करता है और सभी हमारे नौजवान यूवा साथी को यही से तेजश्वी गले लगाने का काम करता है
2395800	2425800	मुझफरपूर जुले के सभी विधान सभाच्षेत्र से हमारे महागरबंधन के प्रत्याशी यहां आए हुए आप सब लोगों से हम अपील करते हैं कि एक-एक वोट महागरबंधन के सभी प्रत्याशी को दे करके आप लोग भारी बहुमत से इनको विजय बनाने का काम कर
2425800	2436600	हो चाहते हैं कि नहीं पतला हो चाहते हाँ उठागर की बताई है वीच साल ये पुराना खटाना सरकार को अब बदलने का समय आ गया है
2436600	2458740	स्थिर पानी भी एक जगाए खटा हो जाए कुछ दिनों तक तो सरने लगता है वह इस्तिती सरकार की हो गई है किसान भाई जानते हैं कि एक ही ब्रेंड का भीज अगर 20 सालों तक खेत में रोपिएगा तो खेत जो है बंजर हो जाता है फसल नहीं आती है
2458740	2468640	अब समय आ गया है ने ब्रेंड का नया भीज रोपने का ताकि फसल भी अच्छी हो और आने वाल इन नसलों का भविश भी बेतर हो
2468640	2479740	देखिए हम राहुल गांदी जी का स्वागत करते हैं इस सक्रा की धर्ति पर और हम सब लोग नहीं सोचके
2479740	2489740	केवल हम लोगों को सरकार ही नहीं बनाना है बलकि बिहार बनाने का काम करना है बिहार बनाने का काम करना है
2489740	2506740	हिसाल से दीश कुमार जी बिहार के मुख्यमंत्री है कितने साल से हो अब अब बीस साल से हैं की नहीं है और एक्छा साल से निरेंदर मोधी जी प्रधान मत्री है की नहीं है
2506740	2507740	Woah
2507740	2519480	सक्रा को कुछ कर खाना मिला है क्या कोई अच्छा पार मिला ओगा कुछ बड़िया विच्वविध्यारी मिला होगा लोगों को सरकारी नौकरी रोजगार मिला होगा
2519480	2525720	नहीं मिला कुछ नहीं मिला केवल घूज, खोरी बड़ी है की नहीं बड़ी है
2525720	2532500	थाने error चरोग ये घूस देना पढ़ता कि ले में देना पढ़ता isno
2532500	2535360	और अब्राशन मैं रिष्वत्त खोरी हो रहा है कि नया उरी मोता
2535360	2544540	5 किलोत इता तीन किलो दें धिलि नैरा कि ले लेला है तो आथ देखें गार ne
2544540	2557500	से जली हो किना में घूस खोड़ी। दाखिल खारिच कराईए जमीन के रिज्स्री कराईए उसमें घूस खोड़ी। जाति प्रमान पत्र बना ये उसमें घूस खोड़ी।
2557500	2574080	और अपराद बढ़ा है कि नहीं बढ़ा है मुजफ़रपुर जिला में कोई ऐसा दिन है जब हत्या ना होती हो हमारी बैडों के साथ रेप नहीं होता हो यही मुजफ़रपुर की बेटी 11 साल की बच्ची के साथ रेप कर दिया गया
2574080	2588840	अस्पटाल में चार घंते बेड़ नहीं मिला उसकी मौत हो जाती है यही है सुशाशन यही है अच्छे दिन क्या मिला आपने लोगों को बताओ सक्रागी जद्धा कुछ मिला तो बताओ
2588840	2607980	जो 20 साल में नहीं दिये अब पहला पांच साल में कहां से देंगे तेजेश्वी के मन में एक दर्द है पीरा है तेजेश्वी बेरोजगारी को हटाना चाहता है
2607980	2624360	गरीबी को होताना चाहता है मेंगाई को खटम करना चाहता है बीहार से पलाएन को खटम करना चाहता है और अपराध मुद्ध बुरस्ट चार मुद्ध बिहार बनाना चाहता है बिहार को नंबर वन बनाना चाहता है
2624360	2645420	आई के लिकिनसाल निती जी यी के राच करने के बाद भी
2645420	2650220	बिख्वेती आये सबसे कम अगर कहीं क्या है तो बिखार के लोगों का एक मेल
2651000	2654160	आप लो एक मुका तेजह्ष जीकाम जिज्गेगा
2654160	2658480	र необход लुका कि बमातवा ताखर कि बतैों, एक मुका तेजह्ष जीकाम हो गरे
2659040	2662020	टेजह्ष के स्पार्त है कि आपको
2662020	2663840	सॉना दिजिए्गेड़ा
2663840	2665800	टेजह्ष जीकाम जिचाम हे
2666520	2668520	एक मुका मिलेगा
2668520	2692000	तेजेश्वी ने किसी के नुक्सान किया है, तो एक मोका प्लग दिजेगा ना, एक मोका मिलेगा, तो नौकरी मिलेगी पक्की, और तेजेश्वी आपके उमिदों को लगाएगा चक्का.
2692000	2710100	सरकार बलते ही 20 दिनों के अंदर कानून बनाया जाएगा, कि जिस परिवार में सरकारी नौक्री नहीं है, उस परिवार में एक सरकारी नौक्री हम लोग देने का काम करेंगे.
2710100	2726100	इतनी माता है मैंने, बताएगे, बाल बच्चा के नौक्री लगे की चाहिए, कि ना लगे की चाहिए, मिलना चाहिए ना, एक माँ का दिजे, तेजेश्वी ने जो कहा, वो किया, जो कह रहा है, वो करेंगा,
2726100	2740100	पाँच लाख नौक्री हम लोग ने दी 17 महिने में, जब सरकार बनी, सारे 3 लाख नौक्री प्रक्य धीन कराई, सारे 4 लाख लीटेश्चिकों को राजक्य कर्मी का दरजा दिया,
2740100	2759760	और वही लोग बीश में बोलते थे कि कहां से देगा नौकरी, उनी के हाथों हम लोगों ने नित्ति पत्र बटवाने का काम किया, बिना पेपर लीग के इमंदारी से हर जात हर धर्म के लोगों को तिजश्वी ने पांच लाख लोगों को नौकरी दिया,
2759760	2778720	और यह आप च्म वाजा करके जारे प्रन हैं, और इस प्रन को प्राण निचहावर करके भी पूरा करना पड़े, तो स्टिश्वी करेगा, जिस गर्में सरकारी नौकरी ने उस गर्में सरकारी नौकरी तिजश्वी देगा, जितनी जीवी का दीदे हैं,
2778720	2788720	कि सियम है उन्स सब को स्थाइट तेजस्वी करेगा सरकार बुनने के बाद और तीस हजार रुपया मान देव करने का काम करेगा
2788720	2801100	जितने आप देखेगा सन्विदा कर्मी है और शोपसिंग वाले हैं सब को जो है पक्ता किया जाएगा निमेत रूप से
2801100	2831100	हम लोग माई बेहन माण योजरा लाएंगे तीस हजार रुपया साल का माताइबेहनों के खाते में डढ़ए जाएगा पांच साल का देड़ लाग ये मदद होगा आर्थिक नहाएँ होगा माताइबेहनों को महेंगाई से लगने के लिए सहयोग होगा यानि महिना का धाई ह�
2831100	2861100	सरकार वह सुलेगा 20 साल से याद नहीं आ रहा था इनको अरी उधार है उधार ब्याज लगेगा फिर वापस लेगा लेकिन हम लोग आएंगे तो आप से वापस नहीं लेंगे आपको सायोग करेंगे ये पुरा कान क्या जाएगा ग्या सिलिंडर 500 रुपया कर दिया जाएगा
2861100	2891100	किंगे बहुति सरकार है के भिजली 200 यूनित फ्री में में देंगे तो यह सरकार के ए 20 कले से युद नहीn देने का हम बोले। तब बोलते हैं किया सबसुलिक यूनित्व यूनित फ्री प्री में देंगे पहले कहा थे हम प्वील आइंगेra कर दीयाए टीасक देग्ते
2891100	2913180	सब्सक्राइब करेगा उसको सलाकों के पिछे तेश्वी बेजवाने काम करेगा
2913180	2943180	करप्शन क्राइब और कमिनलिजम से तेश्वी कंप्रमाइज नहीं करेगा तेश्वी की परचाई भी गलत काम करेगी तो उसको भी सजा हम लोग दिलाने का काम करेंगे तो आप लोगों का साथ मिलेगा के लिए मिलेगा अब पिछले बार रावल गांदी जीए सक्रा तो हम �
2943180	2973180	मोटिंग में धांदली हो गया था वोट की चोड़ी तो हुई साथ ही साथ सीट की भी चोड़ी हो गई लेकिन इस बार मुस्तेद रहना है यह भाजबा के लोग हिंदू मुस्लिम करेंगे यह मोदी जी फैक्ट्री लगवाएंगा गुजरात में अब विक्ट्री चाहिए �
2973180	2987680	लेकिन तेजश्वी टूटी फूटी जूटी बाते नहीं बोलता है तेजश्वी के उम्र कच्छी है पर तेजश्वी के जुबान पक्की है
2987680	3008840	और हम सब लोग मिलकर के एक नया बिहार बनाएंगे पढ़ाई दवाई कमाई सिचाही शुलवाई और करवाई वाली सरकार हम लोग बनाने का काम करेंगे बढाना की बिहारीयों को बाहर ना जाना पड़े पढ़ाई और कमाई सिचाही के लिए
3008840	3021440	किसी का बेटा बाहर चला जाता है किसी का पती चला जाता है बाहर साथ नहीं रह पाते हैं कितना मुश्किल होता है
3021440	3042860	एक मौका तेजश्वी को दीजिए अगले चाट तक किसी को बाहर जाना की जरूर नहीं पड़ेगी सब बिहार बेढ़ेंगे बिहार तरक्की करेगा एक बार सब लोग साथ बोलेगा यूवा हम बोलेगे यूवा आप बोलना यूवा यूवा की सरकार
3042860	3064120	सक्रा की जलता जिंदाबाद आम लोग बिहारी है कोई बाहरी नहीं आएगा बिहार को चलाना बिहार का लाली बिहार को चलाएगा
3064120	3094120	लोग रिमोट कंट्रोल से चलाना चाहते हैं हमारी चाचा की तो उस्तिती रही दी उम्र हो गई है हम पुरी सन्वेदना है सानभूती है उनके प्रती कि उनको केवल आब मुखोटा बना दिया गया है केवल मुखोटा तो आप सब लोगों का प्यार मिले आर्शिरवात मिल
3094120	3114940	कि एक एक वोट दे करके इन सब को जिताएं और अपनी सरकार बनाएं और सरकार अभी दो तीन लोग चला रहा है लेकिन जब तेजश्वी आप लोगे क्या सिर्वात से सीम बनेगा तो सब को चौदा करोर बिहार वास्यों को सीम बनाएगा यानि चिंता मुख्त कर देगा
3124120	3148780	लाइनाई शरकार बहुत बहुत बहुत धनवाब जेहन जेवियाद अब मैं लफरत के बजार शो हजार किलोमेटर पैदा चाने में रहुटाइग तेजश्वी यादव जी
3148780	3174400	मुकेश सानी जी आईपी गुपता जी केसी वेनुगोपाल जी अकिलेश प्रसाद जी सुरेश चंचल जी राजा राम जी और गटबंदन के वरिश नेता भाईं और मेहनों आप सब कर यहां बहुत-बहुत स्वागत नमस्कार
3174400	3189400	बारिश में आप यहां खड़े हैं दूर दूर से आये हैं इसके लिए आपका मैं दिल से धन्यवाद करता हूं आपका मूट कैसा है
3189400	3201400	मूट कैसा हाँ का हिंदुस्तान में जिस भी प्रदेश में जाता हूं आप
3201400	3212400	मैं हिंदुस्तान के हर डिस्क्रिक्ट में गया हूं जहां भी मैं जाता हूं वहां बिहार के युवां मुझे मिलते हैं
3212400	3232400	मैं आपसे सवाल पूछना चाहता हूं आपने दिल्ली बनाई आपकी महनत ने बैंगलार की सरके बनाई गुजरात में आपने काम किया अपना खून पसीना दिया
3232400	3251400	मुंबाई को आपने अपनी मदद दी हिंदुस्तान के शहरों को छोड़ो दुबाई आपकी देहनत से बनाए तो अगर आप
3251400	3263880	अलग-अलग प्रदेशों की मदद कर सकते हो शहरों को बना सकते हो तो फिर बिहार में आप ये काम क्यूं नहीं कर पा रहे हो
3263880	3271320	कुछ दिन पहले बिहार के पंद्रा युगाओं से में मिला
3271320	3287680	दो-तीन गंब पे पात्चीत की बात क्या थी सारे के सारे कैए थे कि हमें बिहार में कुछ नहीं मिल सकता है
3287680	3295280	हमें बिहार में रोजगाज नहीं मिल सकता बिहार में बिहारियों का कोई भविश नहीं है
3297340	3299320	ये हैं आपकी सच्चाई
3299320	3303360	यहां पे 20 साल से
3303360	3309240	20 साल से नितिज जी सरकार चला रहे है
3310980	3313220	अपने आपको आपि पिछला कहते है
3313220	3316500	मैं आप से पूचता चाहता हुँ
3316500	3319440	बिहार में शिक्षा के लिए
3319440	3321820	स्वास्त के लिए
3321820	3324260	रोजगार के लिए
3324260	3327420	पिछले 20 सालों में इन्होंने क्या किया है
3327420	3344700	मुल्या बता दीजिए कि आप ऐसा प्रदेश चाहते हो जहां आपको कुछ ना मिले अधानी जी को एक दो रुपए में जबीन दी जाए और आपको रोजगार ना मिले
3346200	3352260	ऐसा बिहार हमें नहीं चाहिए हमें वो प्यार चाहिए
3352260	3368700	जिसमें स्वास्त शिक्षा रोजगार हो बिहारियों को बविश्ची दिखाई दे और जैसे आज आप दूसरे
3368700	3377320	प्रदेशों में चाहते हो वैसे ही के दूसरे प्रदेश से लोग आए और बिहार में आकर प्याम करना चाहें ऐसा बिहार हम चाहते है
3377320	3385540	इसी लिए
3385540	3388440	महागडबन
3388440	3389700	महागडबन
3389700	3392580	हमारे नेता तेजेश्वी जी
3392580	3393400	स्यानी जी
3393400	3398320	कॉंग्रेस पार्टी के नेता एक साथ खड़े हैं
3398320	3401440	क्यूंकि हम एक बार फिर
3401440	3406240	बिहार को सबसे आगे ले जाना चाहते हैं
3406240	3413800	फुर्ट चोरी
3413800	3417920	के खिलाफ हमने यहां यात्रा की
3417920	3420220	20 दिन
3420220	3423640	बिहार में हम आए
3423640	3426480	शेहरों में
3426480	3429560	गाउं गाउं में हम घुमें एक साथ
3429560	3433040	और आपकी उर्जा देखने को मिली
3433040	3440600	आपकी केपबिलिटी आपकी इंटेलिजन्स देखने को मिली आप किसी से कम नहीं हो
3440600	3446360	आप ना राजनेती में कम हो ना मेनत में कम हो आप
3446360	3452600	कि सबसे आगे यह प्रदेश सबसे आगे जा सकता है और इस प्रदेश को सबसे आगे जाना पड़ेगा
3452600	3468600	आप देखिए आप नितीज जी तेजेश्वी जी ने कहा नितीज जी का चेहरा का प्रयोग हो रहा है
3468600	3485060	रिमोट कंट्रोल बीजेपी के हाथ में है आप यह मत सोचिए कि अतीपिछणों का अतीपिछणों की आवाज
3485060	3497660	उधर सुनाई देती है तीन चार लोग कंट्रोल करते है बीजेपी कंट्रोल करती है
3497660	3503160	उनके हाथ में रिमोट कंट्रोलर है और उनको समाजिक नियाए से कोई लेना देना नहीं है
3505660	3513160	कि मैंने प्रदान मंत्री के सामने कहा लोग सबाव में कि जाती जन्गर्ना आप करवाईए
3515660	3521160	एक शब्द नहीं बोले आप जहां भी देखो
3521160	3531160	शिक्षा के सिस्टम में देखो स्वास के सिस्टम में देखो बिरोक्रिसी में देखो
3531160	3543160	जजिस की लिस्ट निकाल के देखो नरेंद्र बोदी जी बीजेपी समाजिक नियाए के खिलाफ है वो नहीं चाहते
3543160	3552160	और मैंने उनसे कहा कि देखिए जाती जन्गर्ना होने वाला है
3552160	3566560	सबको पता लगेगा किसकी कितनी अबादी है कि यहां पर
3569440	3575380	कि स्टूडेंट्स कि पड़ाई करते हैं कि मेहनत करते हैं
3575380	3587920	कि लाकों रुपए लगाते हैं कि यूशन होता है प्राइवेट कॉलिजिस यूनिवर्सिटीज हैं कि बिना पैसे यहां पर शिक्षा नहीं मिल सकती
3587920	3598360	मगर जितनी भी पढाई वो कर ले अंत में पड़ाई होता है नहीं होता है
3598720	3610000	सघुनय होए लोगों को एंग्जाइन से एक दो दिन पहले एक्जाम का पड़ा होंता है
3610000	3625500	कि आपके इस्टेंट में फूंच लीजी ए बिहार के शिक्षा के सिस्टम के बारे में पूछ लीजिए वह आपको बताएंगे बिहार में तो फेफरलीक होता है बिहार में साहिश स्क्षा नहीं मिल सकती बिहार में मिल सकती को
3625500	3634620	स्थाइए और इंडियर इंस्टिटूट के नीचे पास में वर उसके नीचे जाहिए वहां पे आपको भी आरे लोग दिख जाएगे
3636180	3643740	कि रात में ठंड में वहां पर वो सोते हैं मैं या मैंने पूछा यहां क्यों हो कहते प्यार में इलाज नहीं हो सकता
3643740	3670860	सब्सक्राइब वियुक्ता कि अगर बिहार में इलाज कर्वाना तो नहीं हो सकता दिल्ली में होगा झालनातक में होगा जैसे आपने बेखा होगा आपकी शर्ट के पीछे
3670860	3689220	कि फोन के पीछे क्या लिख्या बताओं मेड इन चाइना सही कि नरेंद्र मोधी जी ने हिंदुस्तान के जो चोटे बिस्नस वाले हैं चोटे उध्योगे उन सब को खतम कर दिया नोट बंदी और जी एस्टी लागू करके
3689220	3703720	जहां भी आग देखो मेड इन चाइना हमारा कहना है कि मेड इन चाइन नहीं मेड इन बिहार होना चाहिए उस फोन के पीछे
3703720	3724720	कि फोन के पीछे मेड इन चाइन नहीं मेड इन बिहार और फोन कहां बने बिहार में शर्ट, पैंट, फोन, कैमरा
3724720	3734820	सारे के सारे मेड इन बिहार और बिहार के युवाओं को उन फैक्ट्रियों में रोजडार मिलें ऐसा बिहार हम चाहते हैं
3734820	3739220	आपका आपकी हिस्ट्री है
3742720	3753020	सबसे बैदर शिक्षा अब डुनिया में सबसे बैदर शिक्षा नलंगा युनिवर्सिटी बिहार में मिलती थी
3753020	3763940	बिहार में टूरिजम का unlimited potential है पूरी दुनिया को
3763940	3770540	पूरी दुनिया से लोग बिहार में टूरिजम के लिए आ सकते हैं
3770540	3782840	अगर ना टूरिसम को बढ़ाया दिया जाएगा ना किसानों की मदद की जाएगी ना मजदूरों को
3782840	3792680	प्रोटेक्शन दिया जाएगा इसरफ पांच-दस अरफ पतियों को फाइदा मिलेगा अधानी जी को अंबानी जी को जो भी चाहिए
3792680	3811680	वो उनको दे देते हैं दो हिंदुस्तान बंड रहे हैं एक हिंदुस्तान आपका गरीबों का हम सबका और दूसरा हिंदुस्तान अरफ पतियों का अमदानी अधानी जैसे लोगों का
3811680	3828680	आप देखिये कुछ दिन पहले मैंने टीवी पे देखा एक तरफ यमुना फोटो देखी आपने वो देखी एक तरफ यमुना गंदा पानी
3828680	3842680	अगर कोई पीले या उसमें घुज जाए बिमारी हो जाए दूसरी तरफ छोटा साथ मोदी जी के लिए तलाव
3842680	3857680	दूर दूर से पाइप से पानी आता है एक हिंदुस्तान मोदी जी वाला हिंदुस्तान अगर मोदी जी को ड्रामा करना है
3857680	3886680	करना है कि चट्पूजा का ड्रामा करना है कि तो पानी आजाएगा विडियो कैमरा आ जाएंगे कि साफ पानी और उसी के अगर दूर हिंदुस्तान की सच्चाई एक तरफ नाटक अमभानी अदानी का हिंदुस्तान
3886680	3894680	नरेंग्र मोदी का ड्रामा और दूसरी तरफ हिंदुस्तान की सच्चाई गंदा पानी बीमारी
3894680	3912680	पड़ी हिंदुस्तान पानी में नाएगा पाइप में तब नाटक अगरेंगे तद्राब बना जाएगा मोदी करिंगे यह पुरू हिंदुस्तान ने देखाए
3912680	3932300	नरेंद्र मोदीची के लिए साफ पानी आएगा पाइप में तदाब बना जाएगा मोदीची ड्रॉमा करेंगे यह पूरे हिंदुस्तान ने देखा और जैसे लोगों को पाइप दिखे हैं नरेंद्र मोदी केते मैं तो नहीं चाहूंगा
3932300	3956360	कि यह सच्चाई कि चमक्ता हुआ हिंदुस्तान कि टीवी पे विडियो पे मोदी जी कहते हैं कि बिहार के युगाहों से कहते हैं कि हमने आपको कि कम काम में
3956360	3977480	डेटा दे दिया आपने कम दाम में डेटा दे दिया मगर डेटा की कंपणी किसको दी पैसा कौन बना रहा है बिहार का युगाह नहीं बना रहा है जीयो का मालिक बना रहा है
3977480	3993480	फाइदा तो आपने उसको दिया और बिहार के युगाह के सामने आकर आप जुट बोल रहे हो कि हमने आपको डेटा दिया नहीं आपने डेटा नहीं दिया आपने अंबानी जी को हिंदुस्तान का स्पेक्रम दिया
3993480	4006640	जीयो की कंपणी के लिए आपने सब कुछ किया आप वो कि नहीं बोलते हो आप वो क्यों नहीं बोलते कि मुंबाई में
4006640	4015320	सारथ लाकों करोर्र रुपए की जमीन राधावी की जमीनzej करिसे बिविएर के लोग रहते हैं
4017240	4022960	है जोटा फ्यापार करते हैं हो जमीन मैंने अधानी को दी अब यह क्यों नहीं कहते हैं
4022960	4030580	कि अब यह क्यों कि एक रुपय के लिए कि मैंने अधानी को दमीन दी बियार में
4033220	4039540	कि कैसे थी गिससे जीन करदी वियार के खिंड करदी किसान से जीन कर दी है
4039540	4047640	अब यह क्य一न नहीं कहते कि उसमीन अधिकरन्बिल भे ढाया थे कांग्रेस पार्थी जमीन
4047640	4054720	अधिकरन्ब लॉई थी खशानों की जमिनें की रच्षाख के लिए लाये थे और
4054720	4058680	नरेंगर मोदी जी ने फिल को खतम किया यह क्यों नहीं कहते अब यह क्यों नहीं कहते
4058680	4062600	कि जो बिहार में entrepreneurial spirit है
4062600	4067420	जो युवाद छोटा छोटा बिजनस चलाना चाहते है
4067420	4070440	जो अपना छोटा बिजनस
4070440	4072940	बिजनस का सपना देखते है
4072940	4075560	उस सपने को आपने नोग बंदी से
4075560	4079020	और गलत GST लागू करके आपने उस सपने की हत्या की
4079020	4079860	ये क्यों नहीं कहते हैं
4079860	4093740	अब बना रखाए एक परफ यमुना
4093740	4097600	उसको यमुनाजी कहते हैं
4097600	4099880	मोटी जी कहते हैं
4099880	4103000	ब्रामा कर रहे हैं कि भहिया देखो मैं यमुनाजी में नहाया हूँ
4103000	4107180	वहाँ पर कोई यमुनाजी नहीं है वहाँ पर तलाव है
4107180	4113740	नएद्र लगणी जी अपने स्विविंग पूल में नादा गए पतलाव में नादा गए
4113740	4117220	उन को यमुना से कुछ लेना देना नहीं
4117220	4119060	उनको छट पूटा से कुछ लेना देना नहीं
4119060	4122880	उन्हें सिर्फ आपका वोट चाहिए
4122880	4126320	अगर आप कहने नरेद्र मोदी जी
4126320	4140120	आप ऐसा ग्रामा करो वोट के लिए वह कर देंगे जो भी करवाना है करवालो मैं कह रहा है उन्कों कहों कि देखो वैया हम आपको वोट देंगे आप स्टेज पर आ के ना चलो उन लेगे
4140120	4145300	आप कोशिश करो
4145360	4151960	मोदी जी आई है स्टेज पर भाशन मंत दिजे डांस कर दीजे हम आपको बोट देगे देखना कर देगे
4151960	4163800	कर जो भी करवाना है करवालो कि चुनाओ से पहले को बीकवाना है चुनाओ के बाद
4163800	4180280	डिखाई देंगे सुटबूट वालों के साथ दिखाई देंगे किसानों के साथ मजदूरों के साथ नहीं दिखाई देंगे
4183180	4189040	005
4189040	4208060	क्यां चांते हैं कि भाईया ये भी बिमारी खटम कर दो क्या कि किले
4208980	4215760	शूरी किया है और ये बिहार में पूरी कोशिश करेंगे मैं बता रहूं आपको पूरी
4215760	4235980	कि बिहार में बिहार की आवाज की सरकार ना बने यह लगे हुए है एसार का यही मतलब है तो आपको पूरा दम लगाकर बियार के युवाँ को पूरा दम लगाकर हर वियक्ति को बाहर निकल कर भूब डालना है महागडबन ने चुने
4235980	4258920	कर और हमारी गैरंटी है महागडबन नंकी गैरंटी है और मैं आप से कह रहा हूं मैं जूटनी बोलता हूं मैं आप से कह रहा हूं कि हर वरकी हर जात की हर धर्ण की सरकार बिहार
4258920	4270680	बनाएंगे किसी को नहीं पीछे चोड़ेंगे चाहिए वो ईबीसी हो और पीसी हो गनलित हो
4271940	4285860	कि माइनोर्रिटी हो जेनरल कास्ट जो भी है हिंदुस्तानी है और हर एक व्यक्ति की सरकार बिहार में बनेगी यह मेरी गैरंटी है महागडवंधन की गैरंटी
4288920	4307100	शुक्षा पर हमारी फोकस होगी हमारा फोकस होगा और हमारी कोशिश होगी कि पांच साल के अंदर हिंदुस्तान की सबसे अच्छी उनिवर्सिटी आपको बिहार में मिले जैसे पहले होता था
4307100	4337100	हमारी सरकार थी यूपीय की सरकार थी तो हमने कोशिश की थी नलंदा यूनिवर्सिटी जो थी पहले वह इंटरनेशनल यूनिवर्सिटी थी पता नहीं आपको मालूम है या नहीं मालूम पूरी दुनिया
4337100	4356080	से आते थे कोरिया से आते थे यूरप से आते थे नलंदा यूनिवर्सिटी में पढ़ाई करने अब एक प्रकार का वह पूल था इस दुनिया को जोडने का सिस्क्रम था कहां था बिहार में था
4356080	4362580	कि हुआ हमारी कोशिश थी जब हमारी सरकार्थी मनमोन सिंग जी की सरकार्थी
4365520	4373760	है हमने फिर से बोलंदा बनाने की कोशिश की कि अर्य वह ऑच्ए हिंदुस्तान से ना जोड़े
4375160	4380580	कर दि�桃 कुछ दुनिया से जोड़े आप जुड़े हो आपके लोग
4382960	4383860	दुबाई में
4386080	4412080	मुरिश्यस में हैं, फीजी में हैं, सेशल्ज में हैं, अमरिका में हैं, आप लोग हो, उसको बस सही तरीके से जोड़ना है, बिहार को हिंदुस्तान का सेंटर नहीं बनाना, इन पर फिर बिहार को धुनिया बसेंटर बनाना है।
4412080	4440080	आपने फुरी जुनिया को राष्टा दिखाया है, आपने फुरी जुनिया को राष्टा दिखाया है।
4442080	4446080	यह पुदिशन का सेंटर हुआ करता था।
4446080	4456080	चाइना को, जपान को, कोरिया को, उनका धर कहां से आया।
4456080	4466080	चाइना से लोग, कोरिया से लोग, जपान से लोग, कैंबोडिया से लोग क्यों आते हैं यहां।
4466080	4470080	आपने अपने आप से कभी पूचा, यह क्यों हा रहे हैं।
4470080	4476080	क्यों कि आपने इनको इनका धर्म दिया।
4476080	4480080	आप समझ यह आप में कितना ग्यान है।
4480080	4482080	मैंने देखा आपने आखों से।
4482080	4486080	15-20 तिन में ग्यान यहां पे,
4486080	4490080	मैं बताना हूँ, इतनी इंटेलिजन्स है भिहार में।
4490080	4493080	इतनी समझ है कि शाव बागी किसी प्रेडेशन निए।
4493080	4500080	बाता है भी सांचे कि यहां राजनेती को आप एक सकम्ट में समझ लेते हो।
4500080	4503080	एक सकम्ट मैं आप दूर का दूर्श पारी का पारी कर देते हो।
4503080	4507080	यह कुलिग टिंट प्लवड़ा सकंट लगता है।
4507080	4510080	तुम्हें आपसे द्यारों कि भीया पहिआ कि शचानो।
4510080	4519360	आपके सामने सच्चा ही कोन दोता है प्रामा कोन कर रहा है यह पहचा लोग नरे पोदी ची तो आपको दिखा रहे हैं
4519360	4529020	आपके सामने साथ पारी में तला बना कर नहरे हैं
4529020	4536020	आप सब आए गिर से आपको ध्रवात करना चालता हूँ और आपसे कहना चालता हूँ
4536020	4546300	जो भी आपको बनायन आज तक हिंगर प्राइम किसरान मजदूर जो भी आपको मिला
4546300	4550520	चाहर बोट मिला शिक्षा में ही स्वाद मिली वो इसके कारण मिला है
4550520	4566020	उस पर नजिए में मोछी आकर्मन करने, इस पर आस जयात आकर्मन करने, जब हर चोंवी करते हैं, तो यह इस पर आकर्मन करते हैं, बेखलती के संबएदार पर आकर्मन करते हैं।
4566020	4586000	जब ये हिंदुस्तान की किसी संस्कामों खोटा करते हैं, जब ये वाइस चंसलर को आरेसेस के रादने के हाथ में दे देते हैं, तो ये संविदान पर आक्रवर करते हैं, और मैं आपको बता रहा हूँ, संविदान की हम रक्षा करेंगे और इसको कोई नई ख़तम करेंगे�
